{
  "python": {
    "log_file_action": {
      "mean": 27802.27780000132,
      "median": 29911.749999882886,
      "std": 9971.32321542665,
      "min": 13513.399999283138,
      "max": 178899.99999897555,
      "p95": 37349.79999899224,
      "p99": 40451.40000016545,
      "ops_per_sec": 35.96827595183415,
      "mem_delta_mb": 0.20703125
    },
    "get_recent_actions": {
      "mean": 28123.491699967417,
      "median": 31444.95000015013,
      "std": 8284.003273737138,
      "min": 11232.999999265303,
      "max": 53288.29999962181,
      "p95": 37409.099999422324,
      "p99": 40562.89999971341,
      "ops_per_sec": 35.557462446996176,
      "mem_delta_mb": -0.05078125
    },
    "format_recent_actions": {
      "mean": 28458.890500016423,
      "median": 31846.100000620936,
      "std": 8297.762019031035,
      "min": 12239.300000146613,
      "max": 58517.80000011786,
      "p95": 37455.30000014696,
      "p99": 40547.000000515254,
      "ops_per_sec": 35.13840428879063,
      "mem_delta_mb": 0.28515625
    }
  },
  "rust": {
    "log_file_action": {
      "mean": 3894.982500005426,
      "median": 3769.9499998780084,
      "std": 1589.2795892507509,
      "min": 3121.6999996104278,
      "max": 51964.70000009867,
      "p95": 4637.800000637071,
      "p99": 5195.000001549488,
      "ops_per_sec": 256.74056301886003,
      "mem_delta_mb": 0.09765625
    },
    "get_recent_actions": {
      "mean": 1865.0490000436548,
      "median": 1817.1999990954646,
      "std": 254.8145933096249,
      "min": 1376.7999989795499,
      "max": 3145.599999697879,
      "p95": 2371.500000663218,
      "p99": 2591.29999903962,
      "ops_per_sec": 536.178942202909,
      "mem_delta_mb": -0.37109375
    },
    "format_recent_actions": {
      "mean": 2350.300400008564,
      "median": 2284.3500000817585,
      "std": 1131.0873051757278,
      "min": 1512.7999995456776,
      "max": 34875.499999543536,
      "p95": 2939.69999984256,
      "p99": 3715.2999993850244,
      "ops_per_sec": 425.4775261904207,
      "mem_delta_mb": 0.01171875
    }
  },
  "speedup": {
    "log_file_action": 7.137972455579091,
    "get_recent_actions": 15.07922403074082,
    "format_recent_actions": 12.108618328071053
  },
  "size": {
    "python_kb": 12.7041015625,
    "rust_kb": 744.130859375,
    "ratio": 58.57406410946268
  },
  "summary": {
    "avg_speedup": 11.441938271463655,
    "mem_savings_pct": 159.2920353982301
  }
}